Age,Unnamed: 1,Unnamed: 2,Unnamed: 3,Unnamed: 4,Unnamed: 5,Unnamed: 6,Purchase_Category,Purchase_Amount,Frequency_of_Purchase,Unnamed: 10,Unnamed: 11,Product_Rating,Unnamed: 13,Unnamed: 14,Unnamed: 15,Unnamed: 16,Customer_Satisfaction,Unnamed: 18,Unnamed: 19,Unnamed: 20,Unnamed: 21,Unnamed: 22,Unnamed: 23,Unnamed: 24,Shipping_Preference
29.0,,,,,,,Mobile Accessories,165.09815139922443,11.0,,,2,,,,,7,,,,,,,,Express
22.0,,,,,,,Toys & Games,260.0685475924031,12.0,,,3,,,,,8,,,,,,,,No Preference
27.0,,,,,,,Packages),219.94911005020262,9.0,,,3,,,,,10,,,,,,,,Express
19.0,,,,,,,Books,152.2385956371354,10.0,,,2,,,,,3,,,,,,,,No Preference
32.0,,,,,,,Food & Beverages,419.2851606422505,7.0,,,3,,,,,8,,,,,,,,No Preference
15.0,,,,,,,Furniture,114.57048798542681,3.0,,,1,,,,,8,,,,,,,,Standard
38.0,,,,,,,Electronics,491.379103444871,1.0,,,4,,,,,2,,,,,,,,No Preference
47.0,,,,,,,Food & Beverages,447.6301608731079,4.0,,,5,,,,,3,,,,,,,,Standard
24.0,,,,,,,Health Supplements,152.12357145477955,3.0,,,2,,,,,4,,,,,,,,Express
34.0,,,,,,,Food & Beverages,316.38747560543084,10.0,,,1,,,,,6,,,,,,,,Standard
31.0,,,,,,,Toys & Games,154.45767625890045,5.0,,,4,,,,,10,,,,,,,,No Preference
31.0,,,,,,,Gardening & Outdoors,331.7358286216481,11.0,,,3,,,,,10,,,,,,,,No Preference
48.0,,,,,,,Beauty & Personal Care,215.5450324077009,3.0,,,3,,,,,9,,,,,,,,Express
44.0,,,,,,,Sports & Outdoors,460.3509505898571,4.0,,,4,,,,,5,,,,,,,,Express
30.0,,,,,,,Software & Apps,237.90498210350847,7.0,,,3,,,,,9,,,,,,,,Standard
24.0,,,,,,,Sports & Outdoors,69.47238676881881,10.0,,,1,,,,,7,,,,,,,,No Preference
31.0,,,,,,,Mobile Accessories,434.78860399014536,9.0,,,5,,,,,4,,,,,,,,Express
43.0,,,,,,,Home Appliances,284.2804079421136,9.0,,,1,,,,,4,,,,,,,,Standard
28.0,,,,,,,Baby Products,345.53926139967064,12.0,,,5,,,,,5,,,,,,,,No Preference
42.0,,,,,,,Gardening & Outdoors,210.53250858044515,9.0,,,5,,,,,8,,,,,,,,Express
46.0,,,,,,,Groceries,39.98035514557116,5.0,,,2,,,,,7,,,,,,,,Standard
38.0,,,,,,,Animal Feed,226.50640704554007,5.0,,,3,,,,,7,,,,,,,,No Preference
32.0,,,,,,,Electronics,198.39636450502508,6.0,,,4,,,,,8,,,,,,,,No Preference
20.0,,,,,,,Gardening & Outdoors,194.1278992498432,6.0,,,2,,,,,2,,,,,,,,Express
32.0,,,,,,,Sports & Outdoors,259.8248299006381,5.0,,,3,,,,,3,,,,,,,,No Preference
42.0,,,,,,,Furniture,214.5488325153061,6.0,,,3,,,,,1,,,,,,,,Express
33.0,,,,,,,Gardening & Outdoors,197.3134897450395,5.0,,,1,,,,,8,,,,,,,,Standard
39.0,,,,,,,Health Supplements,115.14304492089511,10.0,,,3,,,,,8,,,,,,,,No Preference
30.0,,,,,,,Furniture,213.3390847489885,8.0,,,1,,,,,8,,,,,,,,Standard
38.0,,,,,,,Electronics,96.89946124399069,7.0,,,1,,,,,7,,,,,,,,Standard
30.0,,,,,,,Food & Beverages,203.79204230728521,2.0,,,4,,,,,9,,,,,,,,No Preference
46.0,,,,,,,Furniture,404.437387352878,1.0,,,4,,,,,3,,,,,,,,Standard
33.0,,,,,,,Health Care,125.50774889527803,3.0,,,4,,,,,2,,,,,,,,No Preference
28.0,,,,,,,Sports & Outdoors,441.31311809752265,2.0,,,2,,,,,9,,,,,,,,Standard
19.0,,,,,,,Health Supplements,230.20906373218406,6.0,,,2,,,,,5,,,,,,,,No Preference
51.0,,,,,,,Animal Feed,155.62632066113486,11.0,,,2,,,,,4,,,,,,,,Express
38.0,,,,,,,Jewelry & Accessories,454.4454493300568,9.0,,,1,,,,,5,,,,,,,,Express
17.0,,,,,,,Books,169.708986022832,9.0,,,4,,,,,1,,,,,,,,No Preference
24.0,,,,,,,Sports & Outdoors,439.4874582972021,3.0,,,3,,,,,6,,,,,,,,Express
31.0,,,,,,,Arts & Crafts,315.0855597338888,5.0,,,2,,,,,7,,,,,,,,Express
31.0,,,,,,,Groceries,446.9993079809527,6.0,,,1,,,,,2,,,,,,,,Standard
40.0,,,,,,,Furniture,209.92970731052117,10.0,,,2,,,,,6,,,,,,,,No Preference
34.0,,,,,,,Electronics,32.50651663856008,3.0,,,4,,,,,1,,,,,,,,Express
44.0,,,,,,,Packages),269.03237074707863,12.0,,,2,,,,,5,,,,,,,,Express
45.0,,,,,,,Health Supplements,114.78462698671352,4.0,,,4,,,,,4,,,,,,,,Standard
32.0,,,,,,,Luxury Goods,323.21766579840465,5.0,,,5,,,,,10,,,,,,,,No Preference
44.0,,,,,,,Baby Products,255.04621666935665,2.0,,,2,,,,,3,,,,,,,,Standard
31.0,,,,,,,Packages),193.48022384872388,4.0,,,5,,,,,8,,,,,,,,No Preference
46.0,,,,,,,Software & Apps,72.42452509465413,0.0,,,2,,,,,2,,,,,,,,No Preference
43.0,,,,,,,Hotels,309.7100416002752,4.0,,,4,,,,,7,,,,,,,,Standard
48.0,,,,,,,Animal Feed,226.83578813758476,5.0,,,2,,,,,1,,,,,,,,No Preference
32.0,,,,,,,Sports & Outdoors,318.3219726514227,9.0,,,5,,,,,8,,,,,,,,Standard
42.0,,,,,,,Software & Apps,213.8257737809115,7.0,,,1,,,,,10,,,,,,,,No Preference
36.0,,,,,,,Clothing,72.76401548003693,3.0,,,5,,,,,3,,,,,,,,Standard
36.0,,,,,,,Animal Feed,282.9406763102103,12.0,,,1,,,,,8,,,,,,,,Standard
34.0,,,,,,,Jewelry & Accessories,89.57242358747843,7.0,,,3,,,,,4,,,,,,,,Express
24.0,,,,,,,Electronics,188.8292248639334,5.0,,,1,,,,,3,,,,,,,,No Preference
41.0,,,,,,,Jewelry & Accessories,357.307664670981,5.0,,,2,,,,,9,,,,,,,,Express
38.0,,,,,,,Food & Beverages,255.7163624421573,3.0,,,5,,,,,2,,,,,,,,Express
24.0,,,,,,,Health Care,206.81620611442935,4.0,,,2,,,,,8,,,,,,,,No Preference
48.0,,,,,,,Health Supplements,387.3340886750101,10.0,,,5,,,,,10,,,,,,,,Standard
14.0,,,,,,,Electronics,441.68310538498736,7.0,,,2,,,,,5,,,,,,,,No Preference
41.0,,,,,,,Beauty & Personal Care,246.2720777097104,3.0,,,2,,,,,3,,,,,,,,No Preference
44.0,,,,,,,Toys & Games,397.98199339803864,4.0,,,4,,,,,1,,,,,,,,Express
26.0,,,,,,,Home Appliances,324.2723417117046,8.0,,,1,,,,,7,,,,,,,,Express
24.0,,,,,,,Mobile Accessories,245.80648385127122,5.0,,,5,,,,,5,,,,,,,,Express
39.0,,,,,,,Groceries,465.69903005394576,5.0,,,2,,,,,5,,,,,,,,Express
34.0,,,,,,,Food & Beverages,343.09372081245,6.0,,,3,,,,,6,,,,,,,,No Preference
31.0,,,,,,,Health Supplements,226.41710023648892,5.0,,,1,,,,,5,,,,,,,,No Preference
16.0,,,,,,,Gardening & Outdoors,155.054032796724,5.0,,,4,,,,,8,,,,,,,,Standard
43.0,,,,,,,Arts & Crafts,104.65419463969504,4.0,,,4,,,,,10,,,,,,,,No Preference
44.0,,,,,,,Hotels,372.90178926281,8.0,,,4,,,,,4,,,,,,,,Standard
44.0,,,,,,,Sports & Outdoors,454.25285129770805,6.0,,,1,,,,,6,,,,,,,,Standard
36.0,,,,,,,Home Appliances,238.60158712266048,7.0,,,1,,,,,8,,,,,,,,Express
25.0,,,,,,,Groceries,451.3494489869912,9.0,,,3,,,,,5,,,,,,,,Express
46.0,,,,,,,Electronics,306.44846168870026,5.0,,,1,,,,,4,,,,,,,,Express
32.0,,,,,,,Books,368.69840509871807,9.0,,,3,,,,,10,,,,,,,,No Preference
21.0,,,,,,,Animal Feed,236.19051650146258,6.0,,,5,,,,,5,,,,,,,,Express
30.0,,,,,,,Office Supplies,91.06875593716013,12.0,,,1,,,,,10,,,,,,,,No Preference
39.0,,,,,,,Electronics,135.0849078696273,6.0,,,1,,,,,8,,,,,,,,Express
46.0,,,,,,,Toys & Games,37.40628099745367,13.0,,,1,,,,,7,,,,,,,,Standard
34.0,,,,,,,Sports & Outdoors,314.22527849632695,6.0,,,1,,,,,1,,,,,,,,Express
38.0,,,,,,,Jewelry & Accessories,469.28327410449117,6.0,,,2,,,,,9,,,,,,,,Standard
28.0,,,,,,,Packages),220.1810621476094,10.0,,,5,,,,,3,,,,,,,,No Preference
39.0,,,,,,,Furniture,292.75794617603356,5.0,,,5,,,,,10,,,,,,,,Standard
49.0,,,,,,,Arts & Crafts,256.98272127444056,3.0,,,5,,,,,9,,,,,,,,Standard
19.0,,,,,,,Baby Products,101.40603329744349,10.0,,,1,,,,,5,,,,,,,,No Preference
30.0,,,,,,,Groceries,46.16375556151525,3.0,,,4,,,,,3,,,,,,,,Standard
32.0,,,,,,,Sports & Outdoors,329.59006292350534,2.0,,,2,,,,,7,,,,,,,,Express
31.0,,,,,,,Gardening & Outdoors,410.0936508913526,4.0,,,5,,,,,7,,,,,,,,No Preference
28.0,,,,,,,Clothing,296.0414850768724,3.0,,,3,,,,,1,,,,,,,,Standard
27.0,,,,,,,Health Care,264.9711899904672,5.0,,,3,,,,,3,,,,,,,,Express
39.0,,,,,,,Travel & Leisure (Flights,269.32705015297313,6.0,,,2,,,,,10,,,,,,,,Express
32.0,,,,,,,Electronics,140.35951524266852,3.0,,,3,,,,,7,,,,,,,,No Preference
26.0,,,,,,,Sports & Outdoors,178.02795785183565,4.0,,,4,,,,,4,,,,,,,,Standard
25.0,,,,,,,Home Appliances,400.9571268703246,2.0,,,5,,,,,2,,,,,,,,Standard
29.0,,,,,,,Electronics,325.6381781661785,8.0,,,5,,,,,5,,,,,,,,No Preference
28.0,,,,,,,Arts & Crafts,106.90470003630107,7.0,,,1,,,,,9,,,,,,,,Express
27.0,,,,,,,Gardening & Outdoors,283.91242806906394,2.0,,,2,,,,,3,,,,,,,,No Preference
36.0,,,,,,,Clothing,61.66068235551698,5.0,,,1,,,,,1,,,,,,,,Standard
39.0,,,,,,,Office Supplies,305.67508430467603,11.0,,,5,,,,,5,,,,,,,,Standard
29.0,,,,,,,Toys & Games,285.33430442139525,7.0,,,2,,,,,8,,,,,,,,Express
50.0,,,,,,,Clothing,391.1610669004118,9.0,,,2,,,,,2,,,,,,,,Express
28.0,,,,,,,Hotels,285.2928976016327,5.0,,,5,,,,,1,,,,,,,,Standard
23.0,,,,,,,Jewelry & Accessories,283.7502626590233,6.0,,,1,,,,,5,,,,,,,,Express
42.0,,,,,,,Jewelry & Accessories,207.81170647292484,5.0,,,1,,,,,7,,,,,,,,Express
30.0,,,,,,,Groceries,233.59317038382602,11.0,,,5,,,,,6,,,,,,,,Standard
39.0,,,,,,,Sports & Outdoors,249.7563141103299,10.0,,,5,,,,,8,,,,,,,,Express
36.0,,,,,,,Health Care,155.1212015414441,8.0,,,3,,,,,7,,,,,,,,Standard
42.0,,,,,,,Sports & Outdoors,466.33864151755233,8.0,,,1,,,,,9,,,,,,,,Standard
29.0,,,,,,,Toys & Games,396.6663555131742,9.0,,,4,,,,,2,,,,,,,,No Preference
46.0,,,,,,,Beauty & Personal Care,339.8071920334461,2.0,,,1,,,,,7,,,,,,,,Express
35.0,,,,,,,Furniture,429.10249340797407,11.0,,,3,,,,,5,,,,,,,,Standard
29.0,,,,,,,Health Care,229.18556102592834,8.0,,,5,,,,,5,,,,,,,,Standard
28.0,,,,,,,Gardening & Outdoors,218.42750752609814,11.0,,,3,,,,,1,,,,,,,,Express
43.0,,,,,,,Software & Apps,414.73941182536964,7.0,,,5,,,,,2,,,,,,,,Express
24.0,,,,,,,Home Appliances,256.6527441809794,2.0,,,4,,,,,2,,,,,,,,No Preference
26.0,,,,,,,Mobile Accessories,327.3354868222211,8.0,,,5,,,,,6,,,,,,,,Express
47.0,,,,,,,Electronics,305.40275016923886,8.0,,,1,,,,,5,,,,,,,,No Preference
32.0,,,,,,,Electronics,364.88701121543,11.0,,,4,,,,,5,,,,,,,,No Preference
34.0,,,,,,,Groceries,434.0989978623228,8.0,,,3,,,,,6,,,,,,,,Express
44.0,,,,,,,Sports & Outdoors,210.92707088487072,6.0,,,5,,,,,5,,,,,,,,Standard
17.0,,,,,,,Mobile Accessories,61.01082151005434,4.0,,,4,,,,,2,,,,,,,,Standard
38.0,,,,,,,Gardening & Outdoors,288.98434407482284,5.0,,,1,,,,,4,,,,,,,,No Preference
24.0,,,,,,,Jewelry & Accessories,375.85367854139827,5.0,,,4,,,,,4,,,,,,,,No Preference
43.0,,,,,,,Health Care,364.14701293716473,11.0,,,1,,,,,6,,,,,,,,Standard
48.0,,,,,,,Food & Beverages,249.6928292028313,5.0,,,1,,,,,1,,,,,,,,Express
44.0,,,,,,,Software & Apps,265.337139320364,1.0,,,5,,,,,2,,,,,,,,No Preference
26.0,,,,,,,Home Appliances,316.01862623086333,3.0,,,2,,,,,9,,,,,,,,Express
52.0,,,,,,,Home Appliances,455.04510753777765,2.0,,,3,,,,,3,,,,,,,,Standard
26.0,,,,,,,Home Appliances,277.70161771556286,5.0,,,1,,,,,6,,,,,,,,Standard
33.0,,,,,,,Sports & Outdoors,309.552291355442,6.0,,,5,,,,,5,,,,,,,,Express
46.0,,,,,,,Health Care,407.5379685612347,12.0,,,1,,,,,7,,,,,,,,Express
23.0,,,,,,,Travel & Leisure (Flights,36.35225398123225,6.0,,,5,,,,,5,,,,,,,,Express
45.0,,,,,,,Travel & Leisure (Flights,464.0140837439136,9.0,,,3,,,,,7,,,,,,,,No Preference
42.0,,,,,,,Beauty & Personal Care,80.02886618856694,1.0,,,4,,,,,1,,,,,,,,Express
44.0,,,,,,,Jewelry & Accessories,119.46416054993256,5.0,,,3,,,,,6,,,,,,,,Express
35.0,,,,,,,Home Appliances,249.937127682249,7.0,,,1,,,,,4,,,,,,,,No Preference
36.0,,,,,,,Furniture,274.13323205856045,2.0,,,3,,,,,6,,,,,,,,Standard
27.0,,,,,,,Luxury Goods,379.7508494391327,5.0,,,3,,,,,5,,,,,,,,No Preference
31.0,,,,,,,Travel & Leisure (Flights,248.69952998613007,0.0,,,5,,,,,3,,,,,,,,No Preference
36.0,,,,,,,Health Care,171.90544225609935,9.0,,,5,,,,,9,,,,,,,,Express
35.0,,,,,,,Jewelry & Accessories,152.19652697266753,6.0,,,2,,,,,2,,,,,,,,No Preference
27.0,,,,,,,Packages),208.93996387741214,5.0,,,1,,,,,4,,,,,,,,No Preference
39.0,,,,,,,Office Supplies,260.789559143289,4.0,,,2,,,,,4,,,,,,,,Standard
19.0,,,,,,,Animal Feed,440.2319599849933,7.0,,,1,,,,,4,,,,,,,,No Preference
33.0,,,,,,,Electronics,301.33986322692806,4.0,,,4,,,,,8,,,,,,,,Express
41.0,,,,,,,Health Care,281.80776054693763,2.0,,,2,,,,,3,,,,,,,,No Preference
17.0,,,,,,,Office Supplies,416.7351627198018,7.0,,,5,,,,,6,,,,,,,,Express
33.0,,,,,,,Groceries,144.71516620599442,7.0,,,2,,,,,10,,,,,,,,Express
38.0,,,,,,,Jewelry & Accessories,258.10108046140436,8.0,,,2,,,,,7,,,,,,,,No Preference
27.0,,,,,,,Food & Beverages,73.98516705842255,3.0,,,2,,,,,10,,,,,,,,Standard
26.0,,,,,,,Packages),132.52625083683967,7.0,,,5,,,,,8,,,,,,,,No Preference
29.0,,,,,,,Packages),65.08170465542217,11.0,,,5,,,,,9,,,,,,,,No Preference
32.0,,,,,,,Home Appliances,103.24813765143429,3.0,,,1,,,,,7,,,,,,,,Standard
48.0,,,,,,,Packages),219.80478326725762,4.0,,,1,,,,,10,,,,,,,,No Preference
23.0,,,,,,,Furniture,258.29771673153243,4.0,,,5,,,,,5,,,,,,,,Standard
30.0,,,,,,,Groceries,258.933195107658,7.0,,,4,,,,,9,,,,,,,,No Preference
30.0,,,,,,,Health Care,272.1407565756991,10.0,,,3,,,,,1,,,,,,,,No Preference
32.0,,,,,,,Packages),438.2199383616347,8.0,,,4,,,,,9,,,,,,,,Standard
43.0,,,,,,,Arts & Crafts,353.7785293699305,10.0,,,2,,,,,4,,,,,,,,No Preference
50.0,,,,,,,Baby Products,263.40280187654355,7.0,,,2,,,,,1,,,,,,,,Express
49.0,,,,,,,Clothing,290.41527839531057,3.0,,,1,,,,,5,,,,,,,,Express
30.0,,,,,,,Hotels,234.24964773761894,5.0,,,4,,,,,3,,,,,,,,No Preference
31.0,,,,,,,Health Supplements,489.2439140842546,13.0,,,1,,,,,9,,,,,,,,Standard
21.0,,,,,,,Hotels,123.5026967430122,10.0,,,2,,,,,10,,,,,,,,Standard
24.0,,,,,,,Clothing,219.64123056083133,4.0,,,4,,,,,9,,,,,,,,No Preference
43.0,,,,,,,Toys & Games,238.88935170210206,12.0,,,4,,,,,8,,,,,,,,Express
28.0,,,,,,,Groceries,363.9692960601885,6.0,,,4,,,,,8,,,,,,,,Standard
34.0,,,,,,,Arts & Crafts,188.3647020895237,5.0,,,3,,,,,9,,,,,,,,No Preference
30.0,,,,,,,Electronics,298.26676920210446,9.0,,,2,,,,,1,,,,,,,,Express
26.0,,,,,,,Books,87.49856237228147,12.0,,,2,,,,,9,,,,,,,,Standard
44.0,,,,,,,Sports & Outdoors,402.3531484684622,12.0,,,1,,,,,8,,,,,,,,No Preference
31.0,,,,,,,Arts & Crafts,335.7590624352298,7.0,,,2,,,,,6,,,,,,,,No Preference
39.0,,,,,,,Baby Products,165.9819468262019,4.0,,,4,,,,,4,,,,,,,,Standard
39.0,,,,,,,Jewelry & Accessories,361.4489960433083,5.0,,,3,,,,,8,,,,,,,,No Preference
39.0,,,,,,,Electronics,190.08239662654867,9.0,,,1,,,,,3,,,,,,,,Standard
34.0,,,,,,,Books,527.9548559847887,7.0,,,2,,,,,1,,,,,,,,No Preference
33.0,,,,,,,Home Appliances,281.0746405805194,11.0,,,1,,,,,7,,,,,,,,Standard
34.0,,,,,,,Beauty & Personal Care,272.1377313711772,9.0,,,5,,,,,8,,,,,,,,No Preference
32.0,,,,,,,Sports & Outdoors,278.9289026656347,10.0,,,5,,,,,2,,,,,,,,Express
15.0,,,,,,,Luxury Goods,110.96652230758728,5.0,,,1,,,,,10,,,,,,,,No Preference
31.0,,,,,,,Packages),210.55050341581895,10.0,,,1,,,,,6,,,,,,,,Standard
38.0,,,,,,,Hotels,450.71156880526667,6.0,,,3,,,,,4,,,,,,,,Express
29.0,,,,,,,Travel & Leisure (Flights,186.8508132791377,4.0,,,5,,,,,8,,,,,,,,Standard
32.0,,,,,,,Luxury Goods,120.53792265775998,12.0,,,2,,,,,9,,,,,,,,No Preference
35.0,,,,,,,Furniture,401.3383907445887,10.0,,,3,,,,,3,,,,,,,,No Preference
15.0,,,,,,,Groceries,243.32236440299778,6.0,,,4,,,,,9,,,,,,,,No Preference
38.0,,,,,,,Food & Beverages,381.12737334299504,8.0,,,3,,,,,6,,,,,,,,Standard
33.0,,,,,,,Electronics,210.64912683278385,11.0,,,5,,,,,8,,,,,,,,Standard
35.0,,,,,,,Toys & Games,471.70873731171537,6.0,,,5,,,,,7,,,,,,,,Standard
52.0,,,,,,,Electronics,97.70287985477844,5.0,,,4,,,,,3,,,,,,,,Standard
31.0,,,,,,,Animal Feed,173.80244299873306,4.0,,,1,,,,,8,,,,,,,,No Preference
37.0,,,,,,,Furniture,286.15932209424716,9.0,,,2,,,,,8,,,,,,,,No Preference
46.0,,,,,,,Electronics,356.5651686338317,8.0,,,2,,,,,2,,,,,,,,No Preference
28.0,,,,,,,Electronics,480.55542906711923,11.0,,,2,,,,,7,,,,,,,,No Preference
38.0,,,,,,,Groceries,217.7389233973434,7.0,,,5,,,,,10,,,,,,,,No Preference
31.0,,,,,,,Sports & Outdoors,297.36669470827144,7.0,,,3,,,,,8,,,,,,,,Express
33.0,,,,,,,Sports & Outdoors,211.93940501312375,6.0,,,5,,,,,7,,,,,,,,Standard
41.0,,,,,,,Furniture,141.2959832122304,3.0,,,3,,,,,7,,,,,,,,No Preference
18.0,,,,,,,Office Supplies,322.0968355769604,8.0,,,3,,,,,9,,,,,,,,No Preference
41.0,,,,,,,Clothing,489.1390341958571,7.0,,,1,,,,,6,,,,,,,,No Preference
42.0,,,,,,,Food & Beverages,206.18892116365944,9.0,,,2,,,,,1,,,,,,,,Express
40.0,,,,,,,Home Appliances,108.81473693063194,4.0,,,4,,,,,3,,,,,,,,Standard
38.0,,,,,,,Sports & Outdoors,307.3172388519737,6.0,,,1,,,,,7,,,,,,,,Standard
45.0,,,,,,,Toys & Games,413.9248652784712,9.0,,,3,,,,,1,,,,,,,,Standard
27.0,,,,,,,Sports & Outdoors,208.19015120587977,8.0,,,5,,,,,3,,,,,,,,No Preference
43.0,,,,,,,Electronics,416.1514121272328,5.0,,,1,,,,,1,,,,,,,,No Preference
34.0,,,,,,,Gardening & Outdoors,465.14503456350957,1.0,,,4,,,,,2,,,,,,,,No Preference
18.0,,,,,,,Jewelry & Accessories,379.9019644007627,8.0,,,3,,,,,8,,,,,,,,Express
25.0,,,,,,,Electronics,191.0256856689537,6.0,,,5,,,,,5,,,,,,,,Express
39.0,,,,,,,Animal Feed,226.3223170110229,9.0,,,3,,,,,7,,,,,,,,Express
51.0,,,,,,,Books,310.701883803432,5.0,,,4,,,,,2,,,,,,,,Standard
27.0,,,,,,,Food & Beverages,223.7546891890587,6.0,,,1,,,,,5,,,,,,,,No Preference
42.0,,,,,,,Groceries,372.1856329717716,4.0,,,4,,,,,5,,,,,,,,No Preference
49.0,,,,,,,Office Supplies,170.38712121774606,5.0,,,3,,,,,9,,,,,,,,Express
30.0,,,,,,,Electronics,487.47469396589725,9.0,,,5,,,,,7,,,,,,,,No Preference
32.0,,,,,,,Beauty & Personal Care,164.03264044546603,7.0,,,1,,,,,9,,,,,,,,No Preference
50.0,,,,,,,Home Appliances,388.35214393420335,5.0,,,4,,,,,7,,,,,,,,Express
29.0,,,,,,,Groceries,353.9883073759485,11.0,,,2,,,,,10,,,,,,,,No Preference
24.0,,,,,,,Animal Feed,335.5627691570963,10.0,,,4,,,,,10,,,,,,,,No Preference
39.0,,,,,,,Hotels,89.18742503322255,11.0,,,3,,,,,8,,,,,,,,No Preference
27.0,,,,,,,Clothing,210.7064533709585,4.0,,,3,,,,,1,,,,,,,,No Preference
37.0,,,,,,,Jewelry & Accessories,124.15253418870115,12.0,,,1,,,,,10,,,,,,,,No Preference
31.0,,,,,,,Books,273.3188132343763,5.0,,,5,,,,,6,,,,,,,,Standard
28.0,,,,,,,Furniture,39.26123252642943,5.0,,,3,,,,,1,,,,,,,,Standard
30.0,,,,,,,Beauty & Personal Care,38.00186023740908,2.0,,,2,,,,,2,,,,,,,,No Preference
40.0,,,,,,,Health Supplements,448.24962043296523,6.0,,,1,,,,,5,,,,,,,,Express
19.0,,,,,,,Health Care,270.7527902756268,11.0,,,1,,,,,7,,,,,,,,Standard
33.0,,,,,,,Toys & Games,168.3952443541452,12.0,,,5,,,,,7,,,,,,,,Standard
30.0,,,,,,,Office Supplies,221.20237035915943,4.0,,,5,,,,,9,,,,,,,,No Preference
32.0,,,,,,,Gardening & Outdoors,293.80257492187286,7.0,,,2,,,,,7,,,,,,,,No Preference
35.0,,,,,,,Luxury Goods,51.544368212449314,10.0,,,5,,,,,4,,,,,,,,Express
19.0,,,,,,,Clothing,233.29126927414308,11.0,,,2,,,,,9,,,,,,,,No Preference
36.0,,,,,,,Electronics,463.14749163864406,5.0,,,3,,,,,8,,,,,,,,Standard
29.0,,,,,,,Beauty & Personal Care,402.5160293023225,4.0,,,2,,,,,2,,,,,,,,Express
51.0,,,,,,,Animal Feed,126.30242953894665,11.0,,,1,,,,,4,,,,,,,,Express
42.0,,,,,,,Furniture,432.4658449247063,6.0,,,2,,,,,2,,,,,,,,Standard
42.0,,,,,,,Arts & Crafts,264.92819433522436,10.0,,,2,,,,,6,,,,,,,,Express
30.0,,,,,,,Travel & Leisure (Flights,409.8877985733393,11.0,,,1,,,,,7,,,,,,,,Standard
25.0,,,,,,,Toys & Games,333.3489649087661,9.0,,,5,,,,,8,,,,,,,,Express
23.0,,,,,,,Sports & Outdoors,271.3781672473176,9.0,,,5,,,,,2,,,,,,,,No Preference
39.0,,,,,,,Luxury Goods,173.62740123119568,7.0,,,1,,,,,2,,,,,,,,No Preference
38.0,,,,,,,Office Supplies,410.40141113777975,5.0,,,4,,,,,1,,,,,,,,Standard
30.0,,,,,,,Luxury Goods,426.03520768566295,5.0,,,4,,,,,6,,,,,,,,Standard
25.0,,,,,,,Packages),385.39821216680537,8.0,,,1,,,,,1,,,,,,,,Express
35.0,,,,,,,Furniture,162.5010562763554,9.0,,,4,,,,,1,,,,,,,,Standard
36.0,,,,,,,Software & Apps,501.35381119956537,10.0,,,1,,,,,8,,,,,,,,Standard
19.0,,,,,,,Food & Beverages,340.0330449044177,4.0,,,4,,,,,1,,,,,,,,No Preference
34.0,,,,,,,Food & Beverages,263.7802629935777,7.0,,,1,,,,,4,,,,,,,,Standard
28.0,,,,,,,Office Supplies,59.387006416510616,8.0,,,1,,,,,7,,,,,,,,Standard
46.0,,,,,,,Office Supplies,315.7464691236229,6.0,,,5,,,,,2,,,,,,,,Express
25.0,,,,,,,Luxury Goods,401.4917971711669,3.0,,,1,,,,,8,,,,,,,,Standard
51.0,,,,,,,Luxury Goods,186.860650323625,11.0,,,1,,,,,5,,,,,,,,Standard
28.0,,,,,,,Office Supplies,313.93646754517084,5.0,,,3,,,,,4,,,,,,,,No Preference
15.0,,,,,,,Food & Beverages,376.2318600304038,3.0,,,2,,,,,8,,,,,,,,Express
27.0,,,,,,,Groceries,172.5203983108029,5.0,,,5,,,,,3,,,,,,,,Standard
33.0,,,,,,,Clothing,174.84260845839827,11.0,,,3,,,,,6,,,,,,,,No Preference
22.0,,,,,,,Arts & Crafts,179.54955383902575,9.0,,,1,,,,,5,,,,,,,,Express
42.0,,,,,,,Clothing,348.98589509039016,8.0,,,3,,,,,2,,,,,,,,No Preference
26.0,,,,,,,Electronics,350.6885850001213,10.0,,,3,,,,,3,,,,,,,,No Preference
43.0,,,,,,,Baby Products,482.90736435500844,5.0,,,5,,,,,2,,,,,,,,Standard
32.0,,,,,,,Toys & Games,68.07052616126657,4.0,,,4,,,,,3,,,,,,,,No Preference
37.0,,,,,,,Toys & Games,397.6366002345823,10.0,,,3,,,,,3,,,,,,,,No Preference
37.0,,,,,,,Luxury Goods,207.89260931876865,3.0,,,2,,,,,4,,,,,,,,Standard
31.0,,,,,,,Office Supplies,135.60765576399706,6.0,,,5,,,,,4,,,,,,,,No Preference
21.0,,,,,,,Food & Beverages,267.64950812290977,5.0,,,4,,,,,4,,,,,,,,No Preference
39.0,,,,,,,Mobile Accessories,126.5400968942985,3.0,,,1,,,,,5,,,,,,,,No Preference
42.0,,,,,,,Jewelry & Accessories,453.75912319842814,11.0,,,4,,,,,7,,,,,,,,Express
36.0,,,,,,,Electronics,129.7115324228396,4.0,,,5,,,,,3,,,,,,,,Standard
27.0,,,,,,,Hotels,94.88185362932153,6.0,,,3,,,,,7,,,,,,,,No Preference
48.0,,,,,,,Groceries,378.50258900389053,6.0,,,1,,,,,3,,,,,,,,Standard
32.0,,,,,,,Mobile Accessories,147.53532846231113,12.0,,,1,,,,,4,,,,,,,,Standard
17.0,,,,,,,Electronics,36.21294711460022,5.0,,,2,,,,,6,,,,,,,,No Preference
30.0,,,,,,,Packages),204.13786492740795,12.0,,,5,,,,,9,,,,,,,,Express
37.0,,,,,,,Animal Feed,372.6550124357062,10.0,,,4,,,,,1,,,,,,,,No Preference
20.0,,,,,,,Jewelry & Accessories,456.2767270772247,5.0,,,3,,,,,8,,,,,,,,Express
35.0,,,,,,,Jewelry & Accessories,437.453608027369,12.0,,,3,,,,,6,,,,,,,,Express
44.0,,,,,,,Jewelry & Accessories,253.17686079273005,4.0,,,1,,,,,10,,,,,,,,No Preference
27.0,,,,,,,Baby Products,212.45497422381243,6.0,,,3,,,,,9,,,,,,,,Standard
28.0,,,,,,,Home Appliances,232.46605734214802,4.0,,,1,,,,,4,,,,,,,,Standard
29.0,,,,,,,Toys & Games,265.71695042326485,5.0,,,3,,,,,4,,,,,,,,Standard
40.0,,,,,,,Beauty & Personal Care,382.0612079268735,2.0,,,2,,,,,1,,,,,,,,Standard
34.0,,,,,,,Toys & Games,440.0905527216594,10.0,,,3,,,,,2,,,,,,,,Express
47.0,,,,,,,Travel & Leisure (Flights,354.937080423068,12.0,,,5,,,,,9,,,,,,,,Express
35.0,,,,,,,Baby Products,267.59692602848736,3.0,,,5,,,,,3,,,,,,,,Standard
35.0,,,,,,,Packages),364.6499743813779,9.0,,,1,,,,,4,,,,,,,,Standard
22.0,,,,,,,Baby Products,187.41318452299163,3.0,,,3,,,,,3,,,,,,,,No Preference
35.0,,,,,,,Home Appliances,227.3666238540801,5.0,,,3,,,,,3,,,,,,,,No Preference
14.0,,,,,,,Furniture,309.20277406508313,5.0,,,1,,,,,4,,,,,,,,No Preference
41.0,,,,,,,Clothing,343.0255285698852,9.0,,,5,,,,,9,,,,,,,,Express
40.0,,,,,,,Software & Apps,391.04786880663903,6.0,,,5,,,,,9,,,,,,,,No Preference
18.0,,,,,,,Toys & Games,373.8511439896321,10.0,,,1,,,,,4,,,,,,,,No Preference
17.0,,,,,,,Arts & Crafts,31.539970436344213,2.0,,,4,,,,,6,,,,,,,,No Preference
37.0,,,,,,,Baby Products,63.688562925332135,9.0,,,4,,,,,2,,,,,,,,Express
29.0,,,,,,,Office Supplies,519.0244861444318,6.0,,,3,,,,,3,,,,,,,,No Preference
31.0,,,,,,,Mobile Accessories,316.9638794063334,5.0,,,5,,,,,5,,,,,,,,Express
45.0,,,,,,,Electronics,384.56320782833586,8.0,,,5,,,,,7,,,,,,,,Express
45.0,,,,,,,Travel & Leisure (Flights,79.2395945082546,9.0,,,1,,,,,1,,,,,,,,No Preference
42.0,,,,,,,Clothing,339.052691584997,6.0,,,4,,,,,6,,,,,,,,No Preference
17.0,,,,,,,Groceries,394.4479235668889,6.0,,,5,,,,,4,,,,,,,,Express
30.0,,,,,,,Books,413.5587196836668,13.0,,,1,,,,,6,,,,,,,,No Preference
22.0,,,,,,,Luxury Goods,140.4307070687166,5.0,,,1,,,,,1,,,,,,,,Standard
41.0,,,,,,,Clothing,412.5116029386377,8.0,,,3,,,,,4,,,,,,,,Standard
32.0,,,,,,,Gardening & Outdoors,229.01053149337815,9.0,,,5,,,,,2,,,,,,,,Standard
26.0,,,,,,,Software & Apps,374.93822619750483,5.0,,,5,,,,,3,,,,,,,,Express
37.0,,,,,,,Mobile Accessories,286.81647695493086,11.0,,,5,,,,,7,,,,,,,,Standard
39.0,,,,,,,Home Appliances,288.0867324629887,11.0,,,4,,,,,7,,,,,,,,Standard
46.0,,,,,,,Furniture,309.1323676959079,9.0,,,2,,,,,10,,,,,,,,Express
33.0,,,,,,,Gardening & Outdoors,166.1391027221604,1.0,,,3,,,,,1,,,,,,,,Standard
46.0,,,,,,,Luxury Goods,207.59573813870225,9.0,,,3,,,,,6,,,,,,,,No Preference
46.0,,,,,,,Animal Feed,222.53773978932497,4.0,,,1,,,,,3,,,,,,,,No Preference
37.0,,,,,,,Sports & Outdoors,311.7415061389735,6.0,,,5,,,,,4,,,,,,,,Express
18.0,,,,,,,Electronics,461.6041357254552,9.0,,,2,,,,,8,,,,,,,,No Preference
35.0,,,,,,,Luxury Goods,385.48874737355754,4.0,,,4,,,,,9,,,,,,,,Express
35.0,,,,,,,Luxury Goods,197.68073416545758,4.0,,,5,,,,,9,,,,,,,,Express
38.0,,,,,,,Arts & Crafts,86.76312612144041,11.0,,,3,,,,,8,,,,,,,,Express
33.0,,,,,,,Sports & Outdoors,328.19589832865415,5.0,,,1,,,,,9,,,,,,,,Standard
39.0,,,,,,,Packages),494.2790724539235,3.0,,,1,,,,,2,,,,,,,,No Preference
37.0,,,,,,,Software & Apps,58.98193828834319,5.0,,,2,,,,,1,,,,,,,,Express
36.0,,,,,,,Luxury Goods,115.04844607362193,6.0,,,3,,,,,7,,,,,,,,Standard
46.0,,,,,,,Gardening & Outdoors,373.4910378619842,12.0,,,3,,,,,9,,,,,,,,Express
45.0,,,,,,,Food & Beverages,268.6608404123094,10.0,,,4,,,,,8,,,,,,,,No Preference
30.0,,,,,,,Office Supplies,443.9049636021524,3.0,,,5,,,,,4,,,,,,,,Express
23.0,,,,,,,Jewelry & Accessories,497.89007198112347,9.0,,,4,,,,,1,,,,,,,,No Preference
35.0,,,,,,,Baby Products,236.5515385333423,7.0,,,3,,,,,6,,,,,,,,No Preference
29.0,,,,,,,Office Supplies,267.58519393645514,9.0,,,5,,,,,8,,,,,,,,No Preference
46.0,,,,,,,Jewelry & Accessories,148.52244309205383,7.0,,,3,,,,,7,,,,,,,,No Preference
38.0,,,,,,,Toys & Games,210.05061770279747,12.0,,,1,,,,,6,,,,,,,,No Preference
23.0,,,,,,,Groceries,447.36655520925353,8.0,,,5,,,,,6,,,,,,,,Standard
35.0,,,,,,,Books,165.00145639083158,7.0,,,3,,,,,7,,,,,,,,Standard
38.0,,,,,,,Beauty & Personal Care,483.43186023740907,-1.0,,,2,,,,,2,,,,,,,,No Preference
31.0,,,,,,,Food & Beverages,111.40744059002083,3.0,,,5,,,,,8,,,,,,,,Express
28.0,,,,,,,Mobile Accessories,229.24970303173637,7.0,,,4,,,,,8,,,,,,,,No Preference
36.0,,,,,,,Home Appliances,85.66331859842559,4.0,,,3,,,,,9,,,,,,,,No Preference
33.0,,,,,,,Software & Apps,65.91288589271475,3.0,,,2,,,,,3,,,,,,,,Express
24.0,,,,,,,Gardening & Outdoors,234.59906538248333,6.0,,,4,,,,,10,,,,,,,,Standard
17.0,,,,,,,Animal Feed,122.69430704460136,8.0,,,2,,,,,7,,,,,,,,No Preference
43.0,,,,,,,Books,493.8630101704506,9.0,,,4,,,,,9,,,,,,,,Express
28.0,,,,,,,Books,176.5696652256217,3.0,,,1,,,,,3,,,,,,,,No Preference
42.0,,,,,,,Groceries,72.29801222164676,3.0,,,3,,,,,3,,,,,,,,No Preference
32.0,,,,,,,Home Appliances,478.98975722701516,8.0,,,1,,,,,3,,,,,,,,No Preference
32.0,,,,,,,Gardening & Outdoors,356.01745674537995,13.0,,,1,,,,,7,,,,,,,,Express
30.0,,,,,,,Beauty & Personal Care,408.57668211439284,8.0,,,2,,,,,7,,,,,,,,Express
44.0,,,,,,,Software & Apps,284.2013566467713,3.0,,,5,,,,,2,,,,,,,,Express
25.0,,,,,,,Baby Products,247.38426613186627,5.0,,,1,,,,,1,,,,,,,,Standard
21.0,,,,,,,Electronics,469.7287775503562,4.0,,,3,,,,,7,,,,,,,,Standard
25.0,,,,,,,Mobile Accessories,339.7601011843366,11.0,,,2,,,,,7,,,,,,,,No Preference
42.0,,,,,,,Groceries,449.6203830658253,7.0,,,2,,,,,10,,,,,,,,Standard
33.0,,,,,,,Sports & Outdoors,309.1886556153138,9.0,,,3,,,,,3,,,,,,,,No Preference
20.0,,,,,,,Home Appliances,198.44023524785155,11.0,,,1,,,,,1,,,,,,,,No Preference
48.0,,,,,,,Animal Feed,28.669952170404827,5.0,,,3,,,,,10,,,,,,,,Standard
34.0,,,,,,,Beauty & Personal Care,336.2860523546832,10.0,,,3,,,,,7,,,,,,,,No Preference
45.0,,,,,,,Toys & Games,202.6649290281181,10.0,,,2,,,,,1,,,,,,,,Standard
26.0,,,,,,,Electronics,402.12305364847305,6.0,,,2,,,,,9,,,,,,,,Standard
39.0,,,,,,,Books,364.5471453138232,11.0,,,5,,,,,9,,,,,,,,Standard
34.0,,,,,,,Luxury Goods,361.2497908483474,5.0,,,1,,,,,4,,,,,,,,No Preference
37.0,,,,,,,Mobile Accessories,196.33650029334072,3.0,,,2,,,,,3,,,,,,,,Express
39.0,,,,,,,Hotels,480.2437392779665,11.0,,,4,,,,,10,,,,,,,,Standard
31.0,,,,,,,Jewelry & Accessories,224.48867742337166,5.0,,,5,,,,,7,,,,,,,,No Preference
30.0,,,,,,,Gardening & Outdoors,65.39804421250801,5.0,,,5,,,,,1,,,,,,,,No Preference
26.0,,,,,,,Electronics,227.15234533028865,2.0,,,2,,,,,8,,,,,,,,Standard
32.0,,,,,,,Health Care,481.9260985660286,7.0,,,5,,,,,7,,,,,,,,Express
21.0,,,,,,,Hotels,202.40409795692352,8.0,,,1,,,,,10,,,,,,,,No Preference
19.0,,,,,,,Baby Products,476.04726993567044,10.0,,,3,,,,,5,,,,,,,,Express
37.0,,,,,,,Sports & Outdoors,339.6372707295618,8.0,,,3,,,,,10,,,,,,,,Standard
44.0,,,,,,,Groceries,493.81793183993625,2.0,,,2,,,,,2,,,,,,,,No Preference
19.0,,,,,,,Health Supplements,27.805719060980174,11.0,,,3,,,,,2,,,,,,,,Express
26.0,,,,,,,Jewelry & Accessories,448.3499388772615,2.0,,,2,,,,,2,,,,,,,,Standard
44.0,,,,,,,Books,446.5096149048238,8.0,,,5,,,,,1,,,,,,,,Express
30.0,,,,,,,Arts & Crafts,442.6046019125175,3.0,,,1,,,,,3,,,,,,,,No Preference
51.0,,,,,,,Packages),192.08492026756247,10.0,,,5,,,,,3,,,,,,,,Standard
26.0,,,,,,,Food & Beverages,210.33838495250956,10.0,,,1,,,,,4,,,,,,,,No Preference
36.0,,,,,,,Health Care,360.69438942063437,10.0,,,4,,,,,6,,,,,,,,Standard
24.0,,,,,,,Clothing,208.77179953119062,8.0,,,1,,,,,4,,,,,,,,Express
26.0,,,,,,,Office Supplies,38.4074795568093,4.0,,,5,,,,,9,,,,,,,,Standard
42.0,,,,,,,Travel & Leisure (Flights,167.06755058599893,3.0,,,3,,,,,3,,,,,,,,Express
36.0,,,,,,,Travel & Leisure (Flights,126.74908548884842,10.0,,,5,,,,,5,,,,,,,,No Preference
53.0,,,,,,,Beauty & Personal Care,307.38160849634846,4.0,,,4,,,,,3,,,,,,,,Standard
28.0,,,,,,,Books,314.9836870754066,10.0,,,5,,,,,4,,,,,,,,Express
23.0,,,,,,,Gardening & Outdoors,136.88981872925768,5.0,,,4,,,,,4,,,,,,,,Express
37.0,,,,,,,Toys & Games,153.81233023696478,8.0,,,5,,,,,9,,,,,,,,Standard
29.0,,,,,,,Toys & Games,397.35707201075627,9.0,,,1,,,,,9,,,,,,,,Express
21.0,,,,,,,Toys & Games,491.5703838811895,11.0,,,5,,,,,1,,,,,,,,No Preference
37.0,,,,,,,Toys & Games,341.6877245419586,7.0,,,4,,,,,8,,,,,,,,No Preference
36.0,,,,,,,Arts & Crafts,87.59211516390715,3.0,,,1,,,,,6,,,,,,,,No Preference
37.0,,,,,,,Beauty & Personal Care,66.21731956200503,9.0,,,3,,,,,1,,,,,,,,Standard
25.0,,,,,,,Sports & Outdoors,322.0237767613771,4.0,,,1,,,,,7,,,,,,,,Express
32.0,,,,,,,Sports & Outdoors,281.92825639885166,6.0,,,1,,,,,6,,,,,,,,Express
30.0,,,,,,,Luxury Goods,232.4132459024856,10.0,,,5,,,,,3,,,,,,,,Express
45.0,,,,,,,Health Care,437.6953872727647,9.0,,,4,,,,,2,,,,,,,,Express
49.0,,,,,,,Toys & Games,377.46335693527703,3.0,,,4,,,,,4,,,,,,,,Standard
42.0,,,,,,,Software & Apps,335.874560076938,5.0,,,4,,,,,10,,,,,,,,Standard
20.0,,,,,,,Sports & Outdoors,122.69525869043872,6.0,,,3,,,,,5,,,,,,,,Express
40.0,,,,,,,Clothing,357.67966393223855,3.0,,,4,,,,,8,,,,,,,,Express
41.0,,,,,,,Home Appliances,40.981623147376546,5.0,,,4,,,,,10,,,,,,,,Express
35.0,,,,,,,Books,373.3263586464576,6.0,,,2,,,,,9,,,,,,,,Standard
39.0,,,,,,,Beauty & Personal Care,301.62724085055254,6.0,,,2,,,,,7,,,,,,,,Standard
40.0,,,,,,,Groceries,207.6065089878073,11.0,,,4,,,,,7,,,,,,,,Express
45.0,,,,,,,Sports & Outdoors,209.39139494931393,2.0,,,3,,,,,1,,,,,,,,Express
39.0,,,,,,,Health Care,298.67446095858486,6.0,,,2,,,,,1,,,,,,,,Express
29.0,,,,,,,Home Appliances,188.99491278730832,4.0,,,5,,,,,3,,,,,,,,Express
31.0,,,,,,,Hotels,264.7101578750389,5.0,,,4,,,,,10,,,,,,,,No Preference
35.0,,,,,,,Health Supplements,336.6606627091679,10.0,,,3,,,,,5,,,,,,,,Express
23.0,,,,,,,Beauty & Personal Care,273.84592972627786,2.0,,,4,,,,,2,,,,,,,,Express
32.0,,,,,,,Home Appliances,452.9154684567739,9.0,,,3,,,,,1,,,,,,,,No Preference
25.0,,,,,,,Software & Apps,309.96196107907605,9.0,,,1,,,,,10,,,,,,,,No Preference
30.0,,,,,,,Mobile Accessories,188.02576169948668,8.0,,,1,,,,,1,,,,,,,,No Preference
31.0,,,,,,,Home Appliances,149.93901418840824,7.0,,,4,,,,,8,,,,,,,,No Preference
33.0,,,,,,,Health Supplements,144.75222254025616,6.0,,,1,,,,,7,,,,,,,,Standard
24.0,,,,,,,Health Care,195.7525244978774,10.0,,,1,,,,,2,,,,,,,,No Preference
22.0,,,,,,,Animal Feed,370.0980521090134,9.0,,,3,,,,,10,,,,,,,,No Preference
47.0,,,,,,,Packages),487.3714934495579,8.0,,,3,,,,,9,,,,,,,,Express
37.0,,,,,,,Books,280.8424269507161,5.0,,,4,,,,,9,,,,,,,,Express
34.0,,,,,,,Animal Feed,476.1796086431243,8.0,,,5,,,,,7,,,,,,,,Standard
24.0,,,,,,,Clothing,361.9191052566887,9.0,,,4,,,,,3,,,,,,,,Standard
43.0,,,,,,,Arts & Crafts,36.30235889077051,6.0,,,2,,,,,7,,,,,,,,Standard
16.0,,,,,,,Sports & Outdoors,208.23225841312552,2.0,,,5,,,,,9,,,,,,,,No Preference
19.0,,,,,,,Luxury Goods,331.0016411292945,12.0,,,4,,,,,10,,,,,,,,Express
36.0,,,,,,,Health Supplements,356.6216337442453,11.0,,,3,,,,,3,,,,,,,,Express
24.0,,,,,,,Sports & Outdoors,323.7587616955059,9.0,,,2,,,,,2,,,,,,,,Express
33.0,,,,,,,Beauty & Personal Care,278.16543982492226,8.0,,,3,,,,,9,,,,,,,,Express
31.0,,,,,,,Luxury Goods,444.3443750342965,4.0,,,5,,,,,10,,,,,,,,Express
32.0,,,,,,,Luxury Goods,300.2020160789457,13.0,,,1,,,,,5,,,,,,,,Standard
26.0,,,,,,,Arts & Crafts,396.0091801734351,4.0,,,3,,,,,3,,,,,,,,No Preference
43.0,,,,,,,Arts & Crafts,470.4987208371417,10.0,,,1,,,,,1,,,,,,,,Express
39.0,,,,,,,Toys & Games,324.8296300465779,7.0,,,2,,,,,3,,,,,,,,Standard
33.0,,,,,,,Beauty & Personal Care,132.83103109842676,6.0,,,5,,,,,8,,,,,,,,No Preference
40.0,,,,,,,Electronics,108.11841826289677,6.0,,,4,,,,,9,,,,,,,,Standard
19.0,,,,,,,Hotels,48.518877246537606,5.0,,,1,,,,,2,,,,,,,,No Preference
33.0,,,,,,,Software & Apps,492.6784245099951,4.0,,,4,,,,,9,,,,,,,,Standard
36.0,,,,,,,Luxury Goods,338.42522699712504,12.0,,,2,,,,,9,,,,,,,,No Preference
32.0,,,,,,,Gardening & Outdoors,334.6418628558014,4.0,,,3,,,,,5,,,,,,,,Standard
40.0,,,,,,,Office Supplies,315.9717796343449,3.0,,,4,,,,,3,,,,,,,,Express
42.0,,,,,,,Books,333.72752953759016,10.0,,,2,,,,,7,,,,,,,,No Preference
43.0,,,,,,,Sports & Outdoors,465.202909759759,11.0,,,4,,,,,8,,,,,,,,No Preference
37.0,,,,,,,Arts & Crafts,311.01767117748705,7.0,,,4,,,,,3,,,,,,,,Express
43.0,,,,,,,Books,325.4540019379011,5.0,,,5,,,,,6,,,,,,,,Standard
32.0,,,,,,,Baby Products,244.1560483082112,6.0,,,5,,,,,9,,,,,,,,No Preference
41.0,,,,,,,Groceries,50.66692277690654,3.0,,,5,,,,,3,,,,,,,,No Preference
34.0,,,,,,,Animal Feed,433.2889307005328,5.0,,,1,,,,,9,,,,,,,,Standard
38.0,,,,,,,Furniture,296.0950534887039,4.0,,,2,,,,,4,,,,,,,,Express
51.0,,,,,,,Home Appliances,352.95784627093644,3.0,,,5,,,,,7,,,,,,,,Standard
44.0,,,,,,,Furniture,266.53737087912555,4.0,,,1,,,,,10,,,,,,,,Express
20.0,,,,,,,Travel & Leisure (Flights,377.79367751369557,5.0,,,2,,,,,3,,,,,,,,Standard
30.0,,,,,,,Health Care,80.20072730283066,2.0,,,1,,,,,3,,,,,,,,Standard
24.0,,,,,,,Home Appliances,350.38364996454493,7.0,,,1,,,,,1,,,,,,,,No Preference
33.0,,,,,,,Books,50.469089700239834,4.0,,,2,,,,,5,,,,,,,,Standard
48.0,,,,,,,Office Supplies,212.43810002102975,10.0,,,4,,,,,8,,,,,,,,Standard
44.0,,,,,,,Electronics,40.96010804328774,9.0,,,1,,,,,3,,,,,,,,Standard
20.0,,,,,,,Books,151.05405358985615,11.0,,,3,,,,,1,,,,,,,,No Preference
26.0,,,,,,,Luxury Goods,76.0306133964818,4.0,,,3,,,,,7,,,,,,,,No Preference
31.0,,,,,,,Mobile Accessories,383.54690986735613,1.0,,,2,,,,,3,,,,,,,,Express
34.0,,,,,,,Animal Feed,486.3436308130451,2.0,,,3,,,,,2,,,,,,,,No Preference
25.0,,,,,,,Sports & Outdoors,195.87350019554873,3.0,,,4,,,,,1,,,,,,,,No Preference
36.0,,,,,,,Books,281.63442745704606,7.0,,,2,,,,,8,,,,,,,,No Preference
45.0,,,,,,,Electronics,279.32574390643117,7.0,,,4,,,,,6,,,,,,,,Express
36.0,,,,,,,Animal Feed,142.66213900768528,10.0,,,1,,,,,2,,,,,,,,Standard
30.0,,,,,,,Food & Beverages,302.0329761388873,3.0,,,1,,,,,4,,,,,,,,Express
40.0,,,,,,,Arts & Crafts,460.0208723328551,10.0,,,5,,,,,4,,,,,,,,No Preference
24.0,,,,,,,Software & Apps,361.07058497603236,8.0,,,1,,,,,4,,,,,,,,Standard
26.0,,,,,,,Hotels,338.61726749299123,10.0,,,1,,,,,5,,,,,,,,No Preference
38.0,,,,,,,Sports & Outdoors,307.32708178026905,6.0,,,1,,,,,5,,,,,,,,Standard
47.0,,,,,,,Luxury Goods,180.45710624196232,8.0,,,5,,,,,4,,,,,,,,No Preference
28.0,,,,,,,Baby Products,273.1089439771837,6.0,,,4,,,,,3,,,,,,,,Standard
31.0,,,,,,,Mobile Accessories,383.6619607174099,5.0,,,1,,,,,5,,,,,,,,No Preference
22.0,,,,,,,Food & Beverages,132.9036826437985,3.0,,,2,,,,,8,,,,,,,,No Preference
29.0,,,,,,,Furniture,131.25164763640146,2.0,,,2,,,,,6,,,,,,,,Standard
37.0,,,,,,,Gardening & Outdoors,237.56072782461223,7.0,,,4,,,,,4,,,,,,,,Standard
32.0,,,,,,,Software & Apps,510.50697350642736,2.0,,,4,,,,,4,,,,,,,,Standard
23.0,,,,,,,Travel & Leisure (Flights,80.74413834269767,9.0,,,2,,,,,8,,,,,,,,No Preference
29.0,,,,,,,Baby Products,339.74872583842904,2.0,,,4,,,,,2,,,,,,,,No Preference
29.0,,,,,,,Groceries,248.82858581546606,6.0,,,1,,,,,1,,,,,,,,No Preference
47.0,,,,,,,Hotels,311.04381036304983,2.0,,,4,,,,,6,,,,,,,,No Preference
47.0,,,,,,,Electronics,221.66012480770814,3.0,,,5,,,,,9,,,,,,,,No Preference
31.0,,,,,,,Jewelry & Accessories,391.6331327649614,9.0,,,2,,,,,3,,,,,,,,Standard
40.0,,,,,,,Office Supplies,163.81006780417852,8.0,,,2,,,,,5,,,,,,,,Standard
38.0,,,,,,,Packages),298.8010874407702,7.0,,,5,,,,,5,,,,,,,,Standard
35.0,,,,,,,Health Supplements,274.95846067649984,5.0,,,5,,,,,6,,,,,,,,Standard
41.0,,,,,,,Hotels,294.23716686646117,9.0,,,5,,,,,3,,,,,,,,Express
23.0,,,,,,,Office Supplies,446.0873904118231,3.0,,,5,,,,,8,,,,,,,,Standard
33.0,,,,,,,Arts & Crafts,214.73870460176482,10.0,,,4,,,,,6,,,,,,,,Standard
26.0,,,,,,,Home Appliances,383.87025995390627,11.0,,,3,,,,,6,,,,,,,,Standard
41.0,,,,,,,Travel & Leisure (Flights,181.32041246804278,10.0,,,1,,,,,8,,,,,,,,Standard
33.0,,,,,,,Groceries,324.6873790112511,6.0,,,2,,,,,7,,,,,,,,Express
16.0,,,,,,,Electronics,257.5741280447494,11.0,,,3,,,,,6,,,,,,,,Express
40.0,,,,,,,Electronics,282.2311887757568,6.0,,,1,,,,,6,,,,,,,,Express
24.0,,,,,,,Electronics,382.9396096615731,9.0,,,2,,,,,2,,,,,,,,No Preference
33.0,,,,,,,Mobile Accessories,324.7210801254339,8.0,,,4,,,,,10,,,,,,,,Express
29.0,,,,,,,Travel & Leisure (Flights,406.03931370929854,9.0,,,2,,,,,1,,,,,,,,Standard
17.0,,,,,,,Packages),385.9166576383827,9.0,,,4,,,,,4,,,,,,,,No Preference
27.0,,,,,,,Electronics,121.76592017555029,11.0,,,3,,,,,1,,,,,,,,No Preference
36.0,,,,,,,Jewelry & Accessories,455.7447423025692,10.0,,,5,,,,,10,,,,,,,,Standard
33.0,,,,,,,Beauty & Personal Care,199.1018409745999,7.0,,,1,,,,,9,,,,,,,,Express
37.0,,,,,,,Toys & Games,282.6221985621006,7.0,,,3,,,,,4,,,,,,,,Express
41.0,,,,,,,Luxury Goods,491.6928568955544,7.0,,,5,,,,,8,,,,,,,,Express
35.0,,,,,,,Animal Feed,361.4860379218528,6.0,,,5,,,,,9,,,,,,,,No Preference
15.0,,,,,,,Mobile Accessories,312.0554668541978,12.0,,,4,,,,,9,,,,,,,,Express
24.0,,,,,,,Furniture,26.050717175764653,7.0,,,5,,,,,2,,,,,,,,Standard
25.0,,,,,,,Home Appliances,50.65011854708436,3.0,,,2,,,,,5,,,,,,,,Express
